{"cameraMode":{"drawMode":0,"name":"Shaded","section":"Shading Mode"},"sceneLighting":true,"audioPlay":false,"sceneViewState":{"showFog":true,"showMaterialUpdate":false,"showSkybox":true,"showFlares":true,"showImageEffects":true,"showParticleSystems":true},"in2DMode":false,"pivot":{"x":21.015396118164064,"y":11.406434059143067,"z":-3.6323628425598146},"rotation":{"x":-0.010596677660942078,"y":0.7076628804206848,"z":0.010615725070238114,"w":0.7063933610916138},"size":59.87218475341797,"orthographic":false}